Country,Continent
Afghanistan,Asia
Albania,Europe
Algeria,Africa
Andorra,Europe
Angola,Africa
Antigua and Barbuda,North America
Argentina,South America
Armenia,Europe
Australia,Oceania
Austria,Europe
Azerbaijan,Europe
Bahamas,North America
Bahrain,Asia
Bangladesh,Asia
Barbados,North America
Belarus,Europe
Belgium,Europe
Belize,North America
Benin,Africa
Bhutan,Asia
Bolivia,South America
Bosnia And Herzegovina,Europe
Botswana,Africa
Brazil,South America
Brunei,Asia
Bulgaria,Europe
Burkina Faso,Africa
Burma,Asia
Burundi,Africa
Cabo Verde,Africa
Cambodia,Asia
Cameroon,Africa
Canada,North America
Central African Republic,Africa
Chad,Africa
Chile,South America
China,Asia
Colombia,South America
Comoros,Africa
Congo,Africa
Costa Rica,North America
Croatia,Europe
Cuba,North America
Cyprus,Europe
Czech Republic,Europe
Denmark,Europe
Djibouti,Africa
Dominica,North America
Dominican Republic,North America
Ecuador,South America
Egypt,Africa
El Salvador,North America
Equatorial Guinea,Africa
Eritrea,Africa
Estonia,Europe
Eswatini,Africa
Ethiopia,Africa
Fiji,Oceania
Finland,Europe
France,Europe
Gabon,Africa
Gambia,Africa
Georgia,Europe
Germany,Europe
Ghana,Africa
Greece,Europe
Grenada,North America
Guatemala,North America
Guinea,Africa
Guinea-Bissau,Africa
Guyana,South America
Haiti,North America
Honduras,North America
Hong Kong,Asia
Hungary,Europe
Iceland,Europe
India,Asia
Indonesia,Asia
Iran,Asia
Iraq,Asia
Ireland,Europe
Israel,Asia
Italy,Europe
Jamaica,North America
Japan,Asia
Jordan,Asia
Kazakhstan,Asia
Kenya,Africa
South Korea,Asia
Kosovo,Europe
Kuwait,Asia
Kyrgyzstan,Asia
Laos,Asia
Latvia,Europe
Lebanon,Asia
Lesotho,Africa
Liberia,Africa
Libya,Africa
Liechtenstein,Europe
Lithuania,Europe
Luxembourg,Europe
Madagascar,Africa
Malawi,Africa
Malaysia,Asia
Maldives,Asia
Mali,Africa
Malta,Europe
Mauritania,Africa
Mauritius,Africa
Mexico,North America
Moldova,Europe
Monaco,Europe
Mongolia,Asia
Montenegro,Europe
Morocco,Africa
Mozambique,Africa
Namibia,Africa
Nepal,Asia
Netherlands,Europe
New Zealand,Oceania
Nicaragua,North America
Niger,Africa
Nigeria,Africa
North Macedonia,Europe
Norway,Europe
Oman,Asia
Pakistan,Asia
Panama,North America
Papua New Guinea,Oceania
Paraguay,South America
Peru,South America
Philippines,Asia
Poland,Europe
Portugal,Europe
Puerto Rico,North America
Qatar,Asia
Romania,Europe
Russia,Europe
Rwanda,Africa
Saint Kitts and Nevis,North America
Saint Lucia,North America
Saint Vincent and the Grenadines,North America
San Marino,Europe
Sao Tome and Principe,Africa
Saudi Arabia,Asia
Senegal,Africa
Serbia,Europe
Seychelles,Africa
Sierra Leone,Africa
Singapore,Asia
Slovakia,Europe
Slovenia,Europe
Somalia,Africa
South Africa,Africa
South Sudan,Africa
Spain,Europe
Sri Lanka,Asia
Sudan,Africa
Suriname,South America
Sweden,Europe
Switzerland,Europe
Syria,Asia
Taiwan,Asia
Tajikistan,Asia
Tanzania,Africa
Thailand,Asia
Togo,Africa
Trinidad and Tobago,North America
Tunisia,Africa
Turkey,Asia
Uganda,Africa
Ukraine,Europe
United Arab Emirates,Asia
United Kingdom,Europe
Uruguay,South America
United States,North America
Uzbekistan,Asia
Venezuela,South America
Vietnam,Asia
West Bank and Gaza,Asia
Western Sahara,Africa
Yemen,Asia
Zambia,Africa
Zimbabwe,Africa
